<annotation>
	<folder>blue_gas</folder>
	<filename>E02.jpg</filename>
	<path>D:\dataset-20230410T060034Z-001\dataset\blue_gas\E02.jpg</path>
	<source>
		<database>Unknown</database>
	</source>
	<size>
		<width>200</width>
		<height>200</height>
		<depth>3</depth>
	</size>
	<segmented>0</segmented>
	<object>
		<name>blue_gas</name>
		<pose>Unspecified</pose>
		<truncated>1</truncated>
		<difficult>0</difficult>
		<bndbox>
			<xmin>11</xmin>
			<ymin>1</ymin>
			<xmax>104</xmax>
			<ymax>196</ymax>
		</bndbox>
	</object>
	<object>
		<name>blue_gas</name>
		<pose>Unspecified</pose>
		<truncated>1</truncated>
		<difficult>0</difficult>
		<bndbox>
			<xmin>102</xmin>
			<ymin>1</ymin>
			<xmax>196</xmax>
			<ymax>199</ymax>
		</bndbox>
	</object>
</annotation>
