<annotation>
	<folder>blue_gas</folder>
	<filename>E03.jpg</filename>
	<path>D:\dataset-20230410T060034Z-001\dataset\blue_gas\E03.jpg</path>
	<source>
		<database>Unknown</database>
	</source>
	<size>
		<width>1024</width>
		<height>683</height>
		<depth>3</depth>
	</size>
	<segmented>0</segmented>
	<object>
		<name>blue_gas</name>
		<pose>Unspecified</pose>
		<truncated>1</truncated>
		<difficult>0</difficult>
		<bndbox>
			<xmin>251</xmin>
			<ymin>1</ymin>
			<xmax>336</xmax>
			<ymax>303</ymax>
		</bndbox>
	</object>
	<object>
		<name>blue_gas</name>
		<pose>Unspecified</pose>
		<truncated>0</truncated>
		<difficult>0</difficult>
		<bndbox>
			<xmin>318</xmin>
			<ymin>7</ymin>
			<xmax>406</xmax>
			<ymax>331</ymax>
		</bndbox>
	</object>
	<object>
		<name>blue_gas</name>
		<pose>Unspecified</pose>
		<truncated>0</truncated>
		<difficult>0</difficult>
		<bndbox>
			<xmin>386</xmin>
			<ymin>12</ymin>
			<xmax>551</xmax>
			<ymax>374</ymax>
		</bndbox>
	</object>
	<object>
		<name>blue_gas</name>
		<pose>Unspecified</pose>
		<truncated>0</truncated>
		<difficult>0</difficult>
		<bndbox>
			<xmin>464</xmin>
			<ymin>34</ymin>
			<xmax>649</xmax>
			<ymax>436</ymax>
		</bndbox>
	</object>
	<object>
		<name>blue_gas</name>
		<pose>Unspecified</pose>
		<truncated>0</truncated>
		<difficult>0</difficult>
		<bndbox>
			<xmin>588</xmin>
			<ymin>42</ymin>
			<xmax>801</xmax>
			<ymax>479</ymax>
		</bndbox>
	</object>
	<object>
		<name>blue_gas</name>
		<pose>Unspecified</pose>
		<truncated>0</truncated>
		<difficult>0</difficult>
		<bndbox>
			<xmin>785</xmin>
			<ymin>11</ymin>
			<xmax>948</xmax>
			<ymax>359</ymax>
		</bndbox>
	</object>
	<object>
		<name>blue_gas</name>
		<pose>Unspecified</pose>
		<truncated>1</truncated>
		<difficult>0</difficult>
		<bndbox>
			<xmin>927</xmin>
			<ymin>7</ymin>
			<xmax>1024</xmax>
			<ymax>328</ymax>
		</bndbox>
	</object>
	<object>
		<name>blue_gas</name>
		<pose>Unspecified</pose>
		<truncated>0</truncated>
		<difficult>0</difficult>
		<bndbox>
			<xmin>283</xmin>
			<ymin>299</ymin>
			<xmax>371</xmax>
			<ymax>551</ymax>
		</bndbox>
	</object>
	<object>
		<name>blue_gas</name>
		<pose>Unspecified</pose>
		<truncated>0</truncated>
		<difficult>0</difficult>
		<bndbox>
			<xmin>355</xmin>
			<ymin>323</ymin>
			<xmax>444</xmax>
			<ymax>598</ymax>
		</bndbox>
	</object>
	<object>
		<name>blue_gas</name>
		<pose>Unspecified</pose>
		<truncated>0</truncated>
		<difficult>0</difficult>
		<bndbox>
			<xmin>403</xmin>
			<ymin>376</ymin>
			<xmax>528</xmax>
			<ymax>664</ymax>
		</bndbox>
	</object>
	<object>
		<name>blue_gas</name>
		<pose>Unspecified</pose>
		<truncated>1</truncated>
		<difficult>0</difficult>
		<bndbox>
			<xmin>483</xmin>
			<ymin>418</ymin>
			<xmax>612</xmax>
			<ymax>683</ymax>
		</bndbox>
	</object>
	<object>
		<name>blue_gas</name>
		<pose>Unspecified</pose>
		<truncated>1</truncated>
		<difficult>0</difficult>
		<bndbox>
			<xmin>606</xmin>
			<ymin>460</ymin>
			<xmax>800</xmax>
			<ymax>683</ymax>
		</bndbox>
	</object>
	<object>
		<name>blue_gas</name>
		<pose>Unspecified</pose>
		<truncated>1</truncated>
		<difficult>0</difficult>
		<bndbox>
			<xmin>766</xmin>
			<ymin>359</ymin>
			<xmax>941</xmax>
			<ymax>683</ymax>
		</bndbox>
	</object>
	<object>
		<name>blue_gas</name>
		<pose>Unspecified</pose>
		<truncated>1</truncated>
		<difficult>0</difficult>
		<bndbox>
			<xmin>922</xmin>
			<ymin>325</ymin>
			<xmax>1024</xmax>
			<ymax>591</ymax>
		</bndbox>
	</object>
</annotation>
