<annotation>
	<folder>blue_gas</folder>
	<filename>E10.jpg</filename>
	<path>D:\dataset-20230410T060034Z-001\dataset\blue_gas\E10.jpg</path>
	<source>
		<database>Unknown</database>
	</source>
	<size>
		<width>800</width>
		<height>533</height>
		<depth>3</depth>
	</size>
	<segmented>0</segmented>
	<object>
		<name>blue_gas</name>
		<pose>Unspecified</pose>
		<truncated>0</truncated>
		<difficult>0</difficult>
		<bndbox>
			<xmin>217</xmin>
			<ymin>23</ymin>
			<xmax>257</xmax>
			<ymax>102</ymax>
		</bndbox>
	</object>
	<object>
		<name>blue_gas</name>
		<pose>Unspecified</pose>
		<truncated>0</truncated>
		<difficult>0</difficult>
		<bndbox>
			<xmin>254</xmin>
			<ymin>23</ymin>
			<xmax>291</xmax>
			<ymax>94</ymax>
		</bndbox>
	</object>
	<object>
		<name>blue_gas</name>
		<pose>Unspecified</pose>
		<truncated>0</truncated>
		<difficult>0</difficult>
		<bndbox>
			<xmin>231</xmin>
			<ymin>94</ymin>
			<xmax>266</xmax>
			<ymax>155</ymax>
		</bndbox>
	</object>
	<object>
		<name>blue_gas</name>
		<pose>Unspecified</pose>
		<truncated>0</truncated>
		<difficult>0</difficult>
		<bndbox>
			<xmin>263</xmin>
			<ymin>94</ymin>
			<xmax>301</xmax>
			<ymax>154</ymax>
		</bndbox>
	</object>
	<object>
		<name>blue_gas</name>
		<pose>Unspecified</pose>
		<truncated>0</truncated>
		<difficult>0</difficult>
		<bndbox>
			<xmin>306</xmin>
			<ymin>8</ymin>
			<xmax>342</xmax>
			<ymax>82</ymax>
		</bndbox>
	</object>
	<object>
		<name>blue_gas</name>
		<pose>Unspecified</pose>
		<truncated>0</truncated>
		<difficult>0</difficult>
		<bndbox>
			<xmin>341</xmin>
			<ymin>14</ymin>
			<xmax>371</xmax>
			<ymax>85</ymax>
		</bndbox>
	</object>
	<object>
		<name>blue_gas</name>
		<pose>Unspecified</pose>
		<truncated>0</truncated>
		<difficult>0</difficult>
		<bndbox>
			<xmin>320</xmin>
			<ymin>82</ymin>
			<xmax>364</xmax>
			<ymax>153</ymax>
		</bndbox>
	</object>
	<object>
		<name>blue_gas</name>
		<pose>Unspecified</pose>
		<truncated>0</truncated>
		<difficult>0</difficult>
		<bndbox>
			<xmin>362</xmin>
			<ymin>84</ymin>
			<xmax>406</xmax>
			<ymax>157</ymax>
		</bndbox>
	</object>
	<object>
		<name>blue_gas</name>
		<pose>Unspecified</pose>
		<truncated>0</truncated>
		<difficult>0</difficult>
		<bndbox>
			<xmin>371</xmin>
			<ymin>8</ymin>
			<xmax>402</xmax>
			<ymax>91</ymax>
		</bndbox>
	</object>
	<object>
		<name>blue_gas</name>
		<pose>Unspecified</pose>
		<truncated>0</truncated>
		<difficult>0</difficult>
		<bndbox>
			<xmin>405</xmin>
			<ymin>8</ymin>
			<xmax>439</xmax>
			<ymax>93</ymax>
		</bndbox>
	</object>
	<object>
		<name>blue_gas</name>
		<pose>Unspecified</pose>
		<truncated>1</truncated>
		<difficult>0</difficult>
		<bndbox>
			<xmin>435</xmin>
			<ymin>1</ymin>
			<xmax>484</xmax>
			<ymax>94</ymax>
		</bndbox>
	</object>
	<object>
		<name>blue_gas</name>
		<pose>Unspecified</pose>
		<truncated>0</truncated>
		<difficult>0</difficult>
		<bndbox>
			<xmin>481</xmin>
			<ymin>2</ymin>
			<xmax>523</xmax>
			<ymax>95</ymax>
		</bndbox>
	</object>
	<object>
		<name>blue_gas</name>
		<pose>Unspecified</pose>
		<truncated>1</truncated>
		<difficult>0</difficult>
		<bndbox>
			<xmin>522</xmin>
			<ymin>1</ymin>
			<xmax>571</xmax>
			<ymax>95</ymax>
		</bndbox>
	</object>
	<object>
		<name>blue_gas</name>
		<pose>Unspecified</pose>
		<truncated>0</truncated>
		<difficult>0</difficult>
		<bndbox>
			<xmin>566</xmin>
			<ymin>4</ymin>
			<xmax>615</xmax>
			<ymax>99</ymax>
		</bndbox>
	</object>
	<object>
		<name>blue_gas</name>
		<pose>Unspecified</pose>
		<truncated>0</truncated>
		<difficult>0</difficult>
		<bndbox>
			<xmin>614</xmin>
			<ymin>2</ymin>
			<xmax>663</xmax>
			<ymax>95</ymax>
		</bndbox>
	</object>
	<object>
		<name>blue_gas</name>
		<pose>Unspecified</pose>
		<truncated>1</truncated>
		<difficult>0</difficult>
		<bndbox>
			<xmin>666</xmin>
			<ymin>1</ymin>
			<xmax>716</xmax>
			<ymax>97</ymax>
		</bndbox>
	</object>
	<object>
		<name>blue_gas</name>
		<pose>Unspecified</pose>
		<truncated>1</truncated>
		<difficult>0</difficult>
		<bndbox>
			<xmin>723</xmin>
			<ymin>1</ymin>
			<xmax>786</xmax>
			<ymax>95</ymax>
		</bndbox>
	</object>
	<object>
		<name>blue_gas</name>
		<pose>Unspecified</pose>
		<truncated>1</truncated>
		<difficult>0</difficult>
		<bndbox>
			<xmin>454</xmin>
			<ymin>391</ymin>
			<xmax>694</xmax>
			<ymax>533</ymax>
		</bndbox>
	</object>
	<object>
		<name>blue_gas</name>
		<pose>Unspecified</pose>
		<truncated>1</truncated>
		<difficult>0</difficult>
		<bndbox>
			<xmin>699</xmin>
			<ymin>299</ymin>
			<xmax>800</xmax>
			<ymax>533</ymax>
		</bndbox>
	</object>
	<object>
		<name>blue_gas</name>
		<pose>Unspecified</pose>
		<truncated>0</truncated>
		<difficult>0</difficult>
		<bndbox>
			<xmin>477</xmin>
			<ymin>263</ymin>
			<xmax>706</xmax>
			<ymax>501</ymax>
		</bndbox>
	</object>
	<object>
		<name>blue_gas</name>
		<pose>Unspecified</pose>
		<truncated>1</truncated>
		<difficult>0</difficult>
		<bndbox>
			<xmin>681</xmin>
			<ymin>211</ymin>
			<xmax>800</xmax>
			<ymax>395</ymax>
		</bndbox>
	</object>
	<object>
		<name>blue_gas</name>
		<pose>Unspecified</pose>
		<truncated>0</truncated>
		<difficult>0</difficult>
		<bndbox>
			<xmin>523</xmin>
			<ymin>201</ymin>
			<xmax>681</xmax>
			<ymax>368</ymax>
		</bndbox>
	</object>
	<object>
		<name>blue_gas</name>
		<pose>Unspecified</pose>
		<truncated>1</truncated>
		<difficult>0</difficult>
		<bndbox>
			<xmin>154</xmin>
			<ymin>323</ymin>
			<xmax>427</xmax>
			<ymax>533</ymax>
		</bndbox>
	</object>
	<object>
		<name>blue_gas</name>
		<pose>Unspecified</pose>
		<truncated>0</truncated>
		<difficult>0</difficult>
		<bndbox>
			<xmin>311</xmin>
			<ymin>241</ymin>
			<xmax>465</xmax>
			<ymax>435</ymax>
		</bndbox>
	</object>
	<object>
		<name>blue_gas</name>
		<pose>Unspecified</pose>
		<truncated>0</truncated>
		<difficult>0</difficult>
		<bndbox>
			<xmin>401</xmin>
			<ymin>184</ymin>
			<xmax>517</xmax>
			<ymax>351</ymax>
		</bndbox>
	</object>
	<object>
		<name>blue_gas</name>
		<pose>Unspecified</pose>
		<truncated>0</truncated>
		<difficult>0</difficult>
		<bndbox>
			<xmin>468</xmin>
			<ymin>157</ymin>
			<xmax>577</xmax>
			<ymax>303</ymax>
		</bndbox>
	</object>
	<object>
		<name>blue_gas</name>
		<pose>Unspecified</pose>
		<truncated>1</truncated>
		<difficult>0</difficult>
		<bndbox>
			<xmin>36</xmin>
			<ymin>459</ymin>
			<xmax>188</xmax>
			<ymax>533</ymax>
		</bndbox>
	</object>
	<object>
		<name>blue_gas</name>
		<pose>Unspecified</pose>
		<truncated>1</truncated>
		<difficult>0</difficult>
		<bndbox>
			<xmin>1</xmin>
			<ymin>427</ymin>
			<xmax>102</xmax>
			<ymax>533</ymax>
		</bndbox>
	</object>
	<object>
		<name>blue_gas</name>
		<pose>Unspecified</pose>
		<truncated>0</truncated>
		<difficult>0</difficult>
		<bndbox>
			<xmin>69</xmin>
			<ymin>359</ymin>
			<xmax>190</xmax>
			<ymax>488</ymax>
		</bndbox>
	</object>
	<object>
		<name>blue_gas</name>
		<pose>Unspecified</pose>
		<truncated>1</truncated>
		<difficult>0</difficult>
		<bndbox>
			<xmin>1</xmin>
			<ymin>353</ymin>
			<xmax>117</xmax>
			<ymax>443</ymax>
		</bndbox>
	</object>
	<object>
		<name>blue_gas</name>
		<pose>Unspecified</pose>
		<truncated>0</truncated>
		<difficult>0</difficult>
		<bndbox>
			<xmin>2</xmin>
			<ymin>314</ymin>
			<xmax>89</xmax>
			<ymax>411</ymax>
		</bndbox>
	</object>
	<object>
		<name>blue_gas</name>
		<pose>Unspecified</pose>
		<truncated>0</truncated>
		<difficult>0</difficult>
		<bndbox>
			<xmin>93</xmin>
			<ymin>292</ymin>
			<xmax>177</xmax>
			<ymax>387</ymax>
		</bndbox>
	</object>
	<object>
		<name>blue_gas</name>
		<pose>Unspecified</pose>
		<truncated>0</truncated>
		<difficult>0</difficult>
		<bndbox>
			<xmin>163</xmin>
			<ymin>308</ymin>
			<xmax>246</xmax>
			<ymax>390</ymax>
		</bndbox>
	</object>
	<object>
		<name>blue_gas</name>
		<pose>Unspecified</pose>
		<truncated>0</truncated>
		<difficult>0</difficult>
		<bndbox>
			<xmin>234</xmin>
			<ymin>269</ymin>
			<xmax>307</xmax>
			<ymax>339</ymax>
		</bndbox>
	</object>
	<object>
		<name>blue_gas</name>
		<pose>Unspecified</pose>
		<truncated>0</truncated>
		<difficult>0</difficult>
		<bndbox>
			<xmin>172</xmin>
			<ymin>262</ymin>
			<xmax>238</xmax>
			<ymax>319</ymax>
		</bndbox>
	</object>
	<object>
		<name>blue_gas</name>
		<pose>Unspecified</pose>
		<truncated>0</truncated>
		<difficult>0</difficult>
		<bndbox>
			<xmin>126</xmin>
			<ymin>247</ymin>
			<xmax>193</xmax>
			<ymax>312</ymax>
		</bndbox>
	</object>
	<object>
		<name>blue_gas</name>
		<pose>Unspecified</pose>
		<truncated>0</truncated>
		<difficult>0</difficult>
		<bndbox>
			<xmin>75</xmin>
			<ymin>246</ymin>
			<xmax>145</xmax>
			<ymax>306</ymax>
		</bndbox>
	</object>
	<object>
		<name>blue_gas</name>
		<pose>Unspecified</pose>
		<truncated>1</truncated>
		<difficult>0</difficult>
		<bndbox>
			<xmin>1</xmin>
			<ymin>256</ymin>
			<xmax>66</xmax>
			<ymax>319</ymax>
		</bndbox>
	</object>
	<object>
		<name>blue_gas</name>
		<pose>Unspecified</pose>
		<truncated>0</truncated>
		<difficult>0</difficult>
		<bndbox>
			<xmin>21</xmin>
			<ymin>226</ymin>
			<xmax>81</xmax>
			<ymax>286</ymax>
		</bndbox>
	</object>
	<object>
		<name>blue_gas</name>
		<pose>Unspecified</pose>
		<truncated>0</truncated>
		<difficult>0</difficult>
		<bndbox>
			<xmin>22</xmin>
			<ymin>199</ymin>
			<xmax>74</xmax>
			<ymax>238</ymax>
		</bndbox>
	</object>
	<object>
		<name>blue_gas</name>
		<pose>Unspecified</pose>
		<truncated>0</truncated>
		<difficult>0</difficult>
		<bndbox>
			<xmin>74</xmin>
			<ymin>203</ymin>
			<xmax>142</xmax>
			<ymax>253</ymax>
		</bndbox>
	</object>
	<object>
		<name>blue_gas</name>
		<pose>Unspecified</pose>
		<truncated>0</truncated>
		<difficult>0</difficult>
		<bndbox>
			<xmin>14</xmin>
			<ymin>130</ymin>
			<xmax>50</xmax>
			<ymax>175</ymax>
		</bndbox>
	</object>
	<object>
		<name>blue_gas</name>
		<pose>Unspecified</pose>
		<truncated>0</truncated>
		<difficult>0</difficult>
		<bndbox>
			<xmin>83</xmin>
			<ymin>113</ymin>
			<xmax>109</xmax>
			<ymax>157</ymax>
		</bndbox>
	</object>
	<object>
		<name>blue_gas</name>
		<pose>Unspecified</pose>
		<truncated>0</truncated>
		<difficult>0</difficult>
		<bndbox>
			<xmin>86</xmin>
			<ymin>167</ymin>
			<xmax>139</xmax>
			<ymax>205</ymax>
		</bndbox>
	</object>
	<object>
		<name>blue_gas</name>
		<pose>Unspecified</pose>
		<truncated>0</truncated>
		<difficult>0</difficult>
		<bndbox>
			<xmin>149</xmin>
			<ymin>157</ymin>
			<xmax>213</xmax>
			<ymax>200</ymax>
		</bndbox>
	</object>
	<object>
		<name>blue_gas</name>
		<pose>Unspecified</pose>
		<truncated>0</truncated>
		<difficult>0</difficult>
		<bndbox>
			<xmin>180</xmin>
			<ymin>201</ymin>
			<xmax>256</xmax>
			<ymax>250</ymax>
		</bndbox>
	</object>
	<object>
		<name>blue_gas</name>
		<pose>Unspecified</pose>
		<truncated>0</truncated>
		<difficult>0</difficult>
		<bndbox>
			<xmin>266</xmin>
			<ymin>199</ymin>
			<xmax>352</xmax>
			<ymax>247</ymax>
		</bndbox>
	</object>
	<object>
		<name>blue_gas</name>
		<pose>Unspecified</pose>
		<truncated>0</truncated>
		<difficult>0</difficult>
		<bndbox>
			<xmin>228</xmin>
			<ymin>163</ymin>
			<xmax>299</xmax>
			<ymax>206</ymax>
		</bndbox>
	</object>
	<object>
		<name>blue_gas</name>
		<pose>Unspecified</pose>
		<truncated>0</truncated>
		<difficult>0</difficult>
		<bndbox>
			<xmin>299</xmin>
			<ymin>164</ymin>
			<xmax>394</xmax>
			<ymax>207</ymax>
		</bndbox>
	</object>
</annotation>
