<annotation>
	<folder>blue_gas</folder>
	<filename>E11.jpg</filename>
	<path>D:\dataset-20230410T060034Z-001\dataset\blue_gas\E11.jpg</path>
	<source>
		<database>Unknown</database>
	</source>
	<size>
		<width>126</width>
		<height>180</height>
		<depth>3</depth>
	</size>
	<segmented>0</segmented>
	<object>
		<name>blue_gas</name>
		<pose>Unspecified</pose>
		<truncated>1</truncated>
		<difficult>0</difficult>
		<bndbox>
			<xmin>1</xmin>
			<ymin>20</ymin>
			<xmax>69</xmax>
			<ymax>139</ymax>
		</bndbox>
	</object>
	<object>
		<name>blue_gas</name>
		<pose>Unspecified</pose>
		<truncated>1</truncated>
		<difficult>0</difficult>
		<bndbox>
			<xmin>69</xmin>
			<ymin>15</ymin>
			<xmax>126</xmax>
			<ymax>137</ymax>
		</bndbox>
	</object>
</annotation>
