<annotation>
	<folder>blue_gas</folder>
	<filename>E14.jpg</filename>
	<path>D:\dataset-20230410T060034Z-001\dataset\blue_gas\E14.jpg</path>
	<source>
		<database>Unknown</database>
	</source>
	<size>
		<width>205</width>
		<height>273</height>
		<depth>3</depth>
	</size>
	<segmented>0</segmented>
	<object>
		<name>blue_gas</name>
		<pose>Unspecified</pose>
		<truncated>1</truncated>
		<difficult>0</difficult>
		<bndbox>
			<xmin>21</xmin>
			<ymin>7</ymin>
			<xmax>175</xmax>
			<ymax>273</ymax>
		</bndbox>
	</object>
</annotation>
