<annotation>
	<folder>blue_gas</folder>
	<filename>E21.jpg</filename>
	<path>D:\dataset-20230410T060034Z-001\dataset\blue_gas\E21.jpg</path>
	<source>
		<database>Unknown</database>
	</source>
	<size>
		<width>352</width>
		<height>640</height>
		<depth>3</depth>
	</size>
	<segmented>0</segmented>
	<object>
		<name>blue_gas</name>
		<pose>Unspecified</pose>
		<truncated>1</truncated>
		<difficult>0</difficult>
		<bndbox>
			<xmin>65</xmin>
			<ymin>209</ymin>
			<xmax>292</xmax>
			<ymax>640</ymax>
		</bndbox>
	</object>
</annotation>
