<annotation>
	<folder>blue_gas</folder>
	<filename>E40.jpg</filename>
	<path>D:\dataset-20230410T060034Z-001\dataset\blue_gas\E40.jpg</path>
	<source>
		<database>Unknown</database>
	</source>
	<size>
		<width>352</width>
		<height>640</height>
		<depth>3</depth>
	</size>
	<segmented>0</segmented>
	<object>
		<name>blue_gas</name>
		<pose>Unspecified</pose>
		<truncated>0</truncated>
		<difficult>0</difficult>
		<bndbox>
			<xmin>75</xmin>
			<ymin>121</ymin>
			<xmax>326</xmax>
			<ymax>582</ymax>
		</bndbox>
	</object>
</annotation>
