<annotation>
	<folder>blue_gas</folder>
	<filename>E41.jpg</filename>
	<path>D:\dataset-20230410T060034Z-001\dataset\blue_gas\E41.jpg</path>
	<source>
		<database>Unknown</database>
	</source>
	<size>
		<width>600</width>
		<height>900</height>
		<depth>3</depth>
	</size>
	<segmented>0</segmented>
	<object>
		<name>blue_gas</name>
		<pose>Unspecified</pose>
		<truncated>1</truncated>
		<difficult>0</difficult>
		<bndbox>
			<xmin>91</xmin>
			<ymin>68</ymin>
			<xmax>544</xmax>
			<ymax>900</ymax>
		</bndbox>
	</object>
</annotation>
