<annotation>
	<folder>blue_gas</folder>
	<filename>E42.jpg</filename>
	<path>D:\dataset-20230410T060034Z-001\dataset\blue_gas\E42.jpg</path>
	<source>
		<database>Unknown</database>
	</source>
	<size>
		<width>1000</width>
		<height>1333</height>
		<depth>3</depth>
	</size>
	<segmented>0</segmented>
	<object>
		<name>blue_gas</name>
		<pose>Unspecified</pose>
		<truncated>0</truncated>
		<difficult>0</difficult>
		<bndbox>
			<xmin>238</xmin>
			<ymin>103</ymin>
			<xmax>871</xmax>
			<ymax>1316</ymax>
		</bndbox>
	</object>
</annotation>
