<annotation>
	<folder>blue_gas</folder>
	<filename>E43.jpg</filename>
	<path>D:\dataset-20230410T060034Z-001\dataset\blue_gas\E43.jpg</path>
	<source>
		<database>Unknown</database>
	</source>
	<size>
		<width>200</width>
		<height>350</height>
		<depth>3</depth>
	</size>
	<segmented>0</segmented>
	<object>
		<name>blue_gas</name>
		<pose>Unspecified</pose>
		<truncated>0</truncated>
		<difficult>0</difficult>
		<bndbox>
			<xmin>19</xmin>
			<ymin>29</ymin>
			<xmax>169</xmax>
			<ymax>332</ymax>
		</bndbox>
	</object>
</annotation>
