<annotation>
	<folder>blue_gas</folder>
	<filename>E44.jpg</filename>
	<path>D:\dataset-20230410T060034Z-001\dataset\blue_gas\E44.jpg</path>
	<source>
		<database>Unknown</database>
	</source>
	<size>
		<width>768</width>
		<height>1024</height>
		<depth>3</depth>
	</size>
	<segmented>0</segmented>
	<object>
		<name>blue_gas</name>
		<pose>Unspecified</pose>
		<truncated>0</truncated>
		<difficult>0</difficult>
		<bndbox>
			<xmin>244</xmin>
			<ymin>149</ymin>
			<xmax>523</xmax>
			<ymax>732</ymax>
		</bndbox>
	</object>
</annotation>
