<annotation>
	<folder>blue_gas</folder>
	<filename>E45.jpg</filename>
	<path>D:\dataset-20230410T060034Z-001\dataset\blue_gas\E45.jpg</path>
	<source>
		<database>Unknown</database>
	</source>
	<size>
		<width>125</width>
		<height>181</height>
		<depth>3</depth>
	</size>
	<segmented>0</segmented>
	<object>
		<name>blue_gas</name>
		<pose>Unspecified</pose>
		<truncated>0</truncated>
		<difficult>0</difficult>
		<bndbox>
			<xmin>32</xmin>
			<ymin>8</ymin>
			<xmax>107</xmax>
			<ymax>175</ymax>
		</bndbox>
	</object>
</annotation>
