<annotation>
	<folder>blue_gas</folder>
	<filename>E46.jpg</filename>
	<path>D:\dataset-20230410T060034Z-001\dataset\blue_gas\E46.jpg</path>
	<source>
		<database>Unknown</database>
	</source>
	<size>
		<width>830</width>
		<height>556</height>
		<depth>3</depth>
	</size>
	<segmented>0</segmented>
	<object>
		<name>blue_gas</name>
		<pose>Unspecified</pose>
		<truncated>1</truncated>
		<difficult>0</difficult>
		<bndbox>
			<xmin>1</xmin>
			<ymin>92</ymin>
			<xmax>214</xmax>
			<ymax>417</ymax>
		</bndbox>
	</object>
	<object>
		<name>blue_gas</name>
		<pose>Unspecified</pose>
		<truncated>0</truncated>
		<difficult>0</difficult>
		<bndbox>
			<xmin>211</xmin>
			<ymin>74</ymin>
			<xmax>379</xmax>
			<ymax>390</ymax>
		</bndbox>
	</object>
	<object>
		<name>blue_gas</name>
		<pose>Unspecified</pose>
		<truncated>0</truncated>
		<difficult>0</difficult>
		<bndbox>
			<xmin>379</xmin>
			<ymin>70</ymin>
			<xmax>528</xmax>
			<ymax>381</ymax>
		</bndbox>
	</object>
	<object>
		<name>blue_gas</name>
		<pose>Unspecified</pose>
		<truncated>0</truncated>
		<difficult>0</difficult>
		<bndbox>
			<xmin>478</xmin>
			<ymin>102</ymin>
			<xmax>674</xmax>
			<ymax>457</ymax>
		</bndbox>
	</object>
	<object>
		<name>blue_gas</name>
		<pose>Unspecified</pose>
		<truncated>1</truncated>
		<difficult>0</difficult>
		<bndbox>
			<xmin>680</xmin>
			<ymin>135</ymin>
			<xmax>830</xmax>
			<ymax>463</ymax>
		</bndbox>
	</object>
	<object>
		<name>blue_gas</name>
		<pose>Unspecified</pose>
		<truncated>1</truncated>
		<difficult>0</difficult>
		<bndbox>
			<xmin>526</xmin>
			<ymin>214</ymin>
			<xmax>799</xmax>
			<ymax>556</ymax>
		</bndbox>
	</object>
</annotation>
