<annotation>
	<folder>blue_gas</folder>
	<filename>E47.JPG</filename>
	<path>D:\dataset-20230410T060034Z-001\dataset\blue_gas\E47.JPG</path>
	<source>
		<database>Unknown</database>
	</source>
	<size>
		<width>249</width>
		<height>327</height>
		<depth>3</depth>
	</size>
	<segmented>0</segmented>
	<object>
		<name>blue_gas</name>
		<pose>Unspecified</pose>
		<truncated>0</truncated>
		<difficult>0</difficult>
		<bndbox>
			<xmin>34</xmin>
			<ymin>5</ymin>
			<xmax>185</xmax>
			<ymax>322</ymax>
		</bndbox>
	</object>
</annotation>
