<annotation>
	<folder>blue_gas</folder>
	<filename>E48.jpg</filename>
	<path>D:\dataset-20230410T060034Z-001\dataset\blue_gas\E48.jpg</path>
	<source>
		<database>Unknown</database>
	</source>
	<size>
		<width>161</width>
		<height>329</height>
		<depth>3</depth>
	</size>
	<segmented>0</segmented>
	<object>
		<name>blue_gas</name>
		<pose>Unspecified</pose>
		<truncated>0</truncated>
		<difficult>0</difficult>
		<bndbox>
			<xmin>3</xmin>
			<ymin>8</ymin>
			<xmax>153</xmax>
			<ymax>319</ymax>
		</bndbox>
	</object>
</annotation>
