<annotation>
	<folder>blue_gas</folder>
	<filename>E50.JPG</filename>
	<path>D:\dataset-20230410T060034Z-001\dataset\blue_gas\E50.JPG</path>
	<source>
		<database>Unknown</database>
	</source>
	<size>
		<width>275</width>
		<height>327</height>
		<depth>3</depth>
	</size>
	<segmented>0</segmented>
	<object>
		<name>blue_gas</name>
		<pose>Unspecified</pose>
		<truncated>0</truncated>
		<difficult>0</difficult>
		<bndbox>
			<xmin>117</xmin>
			<ymin>7</ymin>
			<xmax>256</xmax>
			<ymax>299</ymax>
		</bndbox>
	</object>
</annotation>
