<annotation>
	<folder>hijau</folder>
	<filename>H01.jpg</filename>
	<path>D:\dataset-20230410T060034Z-001\dataset\hijau\H01.jpg</path>
	<source>
		<database>Unknown</database>
	</source>
	<size>
		<width>800</width>
		<height>800</height>
		<depth>3</depth>
	</size>
	<segmented>0</segmented>
	<object>
		<name>gas_ijo</name>
		<pose>Unspecified</pose>
		<truncated>0</truncated>
		<difficult>0</difficult>
		<bndbox>
			<xmin>132</xmin>
			<ymin>21</ymin>
			<xmax>659</xmax>
			<ymax>779</ymax>
		</bndbox>
	</object>
</annotation>
