<annotation>
	<folder>hijau</folder>
	<filename>H02.jpg</filename>
	<path>D:\dataset-20230410T060034Z-001\dataset\hijau\H02.jpg</path>
	<source>
		<database>Unknown</database>
	</source>
	<size>
		<width>300</width>
		<height>369</height>
		<depth>3</depth>
	</size>
	<segmented>0</segmented>
	<object>
		<name>gas_ijo</name>
		<pose>Unspecified</pose>
		<truncated>0</truncated>
		<difficult>0</difficult>
		<bndbox>
			<xmin>14</xmin>
			<ymin>13</ymin>
			<xmax>289</xmax>
			<ymax>356</ymax>
		</bndbox>
	</object>
</annotation>
