<annotation>
	<folder>hijau</folder>
	<filename>H06.jpg</filename>
	<path>D:\dataset-20230410T060034Z-001\dataset\hijau\H06.jpg</path>
	<source>
		<database>Unknown</database>
	</source>
	<size>
		<width>474</width>
		<height>317</height>
		<depth>3</depth>
	</size>
	<segmented>0</segmented>
	<object>
		<name>gas_ijo</name>
		<pose>Unspecified</pose>
		<truncated>0</truncated>
		<difficult>0</difficult>
		<bndbox>
			<xmin>162</xmin>
			<ymin>39</ymin>
			<xmax>370</xmax>
			<ymax>307</ymax>
		</bndbox>
	</object>
	<object>
		<name>gas_ijo</name>
		<pose>Unspecified</pose>
		<truncated>1</truncated>
		<difficult>0</difficult>
		<bndbox>
			<xmin>28</xmin>
			<ymin>157</ymin>
			<xmax>168</xmax>
			<ymax>317</ymax>
		</bndbox>
	</object>
	<object>
		<name>gas_ijo</name>
		<pose>Unspecified</pose>
		<truncated>0</truncated>
		<difficult>0</difficult>
		<bndbox>
			<xmin>31</xmin>
			<ymin>136</ymin>
			<xmax>131</xmax>
			<ymax>235</ymax>
		</bndbox>
	</object>
	<object>
		<name>gas_ijo</name>
		<pose>Unspecified</pose>
		<truncated>0</truncated>
		<difficult>0</difficult>
		<bndbox>
			<xmin>42</xmin>
			<ymin>109</ymin>
			<xmax>125</xmax>
			<ymax>177</ymax>
		</bndbox>
	</object>
	<object>
		<name>gas_ijo</name>
		<pose>Unspecified</pose>
		<truncated>0</truncated>
		<difficult>0</difficult>
		<bndbox>
			<xmin>60</xmin>
			<ymin>89</ymin>
			<xmax>138</xmax>
			<ymax>172</ymax>
		</bndbox>
	</object>
	<object>
		<name>gas_ijo</name>
		<pose>Unspecified</pose>
		<truncated>0</truncated>
		<difficult>0</difficult>
		<bndbox>
			<xmin>143</xmin>
			<ymin>105</ymin>
			<xmax>169</xmax>
			<ymax>180</ymax>
		</bndbox>
	</object>
	<object>
		<name>gas_ijo</name>
		<pose>Unspecified</pose>
		<truncated>0</truncated>
		<difficult>0</difficult>
		<bndbox>
			<xmin>128</xmin>
			<ymin>76</ymin>
			<xmax>168</xmax>
			<ymax>143</ymax>
		</bndbox>
	</object>
	<object>
		<name>gas_ijo</name>
		<pose>Unspecified</pose>
		<truncated>1</truncated>
		<difficult>0</difficult>
		<bndbox>
			<xmin>425</xmin>
			<ymin>116</ymin>
			<xmax>474</xmax>
			<ymax>211</ymax>
		</bndbox>
	</object>
	<object>
		<name>gas_ijo</name>
		<pose>Unspecified</pose>
		<truncated>1</truncated>
		<difficult>0</difficult>
		<bndbox>
			<xmin>351</xmin>
			<ymin>215</ymin>
			<xmax>456</xmax>
			<ymax>317</ymax>
		</bndbox>
	</object>
	<object>
		<name>gas_ijo</name>
		<pose>Unspecified</pose>
		<truncated>0</truncated>
		<difficult>0</difficult>
		<bndbox>
			<xmin>372</xmin>
			<ymin>93</ymin>
			<xmax>447</xmax>
			<ymax>183</ymax>
		</bndbox>
	</object>
	<object>
		<name>gas_ijo</name>
		<pose>Unspecified</pose>
		<truncated>0</truncated>
		<difficult>0</difficult>
		<bndbox>
			<xmin>341</xmin>
			<ymin>73</ymin>
			<xmax>411</xmax>
			<ymax>148</ymax>
		</bndbox>
	</object>
	<object>
		<name>gas_ijo</name>
		<pose>Unspecified</pose>
		<truncated>1</truncated>
		<difficult>0</difficult>
		<bndbox>
			<xmin>411</xmin>
			<ymin>71</ymin>
			<xmax>474</xmax>
			<ymax>127</ymax>
		</bndbox>
	</object>
	<object>
		<name>gas_ijo</name>
		<pose>Unspecified</pose>
		<truncated>0</truncated>
		<difficult>0</difficult>
		<bndbox>
			<xmin>165</xmin>
			<ymin>21</ymin>
			<xmax>291</xmax>
			<ymax>151</ymax>
		</bndbox>
	</object>
</annotation>
