<annotation>
	<folder>hijau</folder>
	<filename>H07.jpg</filename>
	<path>D:\dataset-20230410T060034Z-001\dataset\hijau\H07.jpg</path>
	<source>
		<database>Unknown</database>
	</source>
	<size>
		<width>800</width>
		<height>440</height>
		<depth>3</depth>
	</size>
	<segmented>0</segmented>
	<object>
		<name>gas_ijo</name>
		<pose>Unspecified</pose>
		<truncated>0</truncated>
		<difficult>0</difficult>
		<bndbox>
			<xmin>78</xmin>
			<ymin>3</ymin>
			<xmax>379</xmax>
			<ymax>319</ymax>
		</bndbox>
	</object>
	<object>
		<name>gas_ijo</name>
		<pose>Unspecified</pose>
		<truncated>0</truncated>
		<difficult>0</difficult>
		<bndbox>
			<xmin>434</xmin>
			<ymin>201</ymin>
			<xmax>595</xmax>
			<ymax>385</ymax>
		</bndbox>
	</object>
	<object>
		<name>gas_ijo</name>
		<pose>Unspecified</pose>
		<truncated>0</truncated>
		<difficult>0</difficult>
		<bndbox>
			<xmin>10</xmin>
			<ymin>180</ymin>
			<xmax>162</xmax>
			<ymax>386</ymax>
		</bndbox>
	</object>
	<object>
		<name>gas_ijo</name>
		<pose>Unspecified</pose>
		<truncated>1</truncated>
		<difficult>0</difficult>
		<bndbox>
			<xmin>46</xmin>
			<ymin>377</ymin>
			<xmax>150</xmax>
			<ymax>440</ymax>
		</bndbox>
	</object>
	<object>
		<name>gas_ijo</name>
		<pose>Unspecified</pose>
		<truncated>1</truncated>
		<difficult>0</difficult>
		<bndbox>
			<xmin>134</xmin>
			<ymin>290</ymin>
			<xmax>363</xmax>
			<ymax>440</ymax>
		</bndbox>
	</object>
	<object>
		<name>gas_ijo</name>
		<pose>Unspecified</pose>
		<truncated>0</truncated>
		<difficult>0</difficult>
		<bndbox>
			<xmin>335</xmin>
			<ymin>166</ymin>
			<xmax>439</xmax>
			<ymax>325</ymax>
		</bndbox>
	</object>
	<object>
		<name>gas_ijo</name>
		<pose>Unspecified</pose>
		<truncated>1</truncated>
		<difficult>0</difficult>
		<bndbox>
			<xmin>1</xmin>
			<ymin>121</ymin>
			<xmax>78</xmax>
			<ymax>302</ymax>
		</bndbox>
	</object>
	<object>
		<name>gas_ijo</name>
		<pose>Unspecified</pose>
		<truncated>0</truncated>
		<difficult>0</difficult>
		<bndbox>
			<xmin>330</xmin>
			<ymin>325</ymin>
			<xmax>416</xmax>
			<ymax>425</ymax>
		</bndbox>
	</object>
	<object>
		<name>gas_ijo</name>
		<pose>Unspecified</pose>
		<truncated>0</truncated>
		<difficult>0</difficult>
		<bndbox>
			<xmin>444</xmin>
			<ymin>149</ymin>
			<xmax>546</xmax>
			<ymax>253</ymax>
		</bndbox>
	</object>
	<object>
		<name>gas_ijo</name>
		<pose>Unspecified</pose>
		<truncated>0</truncated>
		<difficult>0</difficult>
		<bndbox>
			<xmin>473</xmin>
			<ymin>136</ymin>
			<xmax>560</xmax>
			<ymax>203</ymax>
		</bndbox>
	</object>
	<object>
		<name>gas_ijo</name>
		<pose>Unspecified</pose>
		<truncated>0</truncated>
		<difficult>0</difficult>
		<bndbox>
			<xmin>558</xmin>
			<ymin>148</ymin>
			<xmax>598</xmax>
			<ymax>189</ymax>
		</bndbox>
	</object>
	<object>
		<name>gas_ijo</name>
		<pose>Unspecified</pose>
		<truncated>0</truncated>
		<difficult>0</difficult>
		<bndbox>
			<xmin>374</xmin>
			<ymin>120</ymin>
			<xmax>456</xmax>
			<ymax>179</ymax>
		</bndbox>
	</object>
	<object>
		<name>gas_ijo</name>
		<pose>Unspecified</pose>
		<truncated>0</truncated>
		<difficult>0</difficult>
		<bndbox>
			<xmin>419</xmin>
			<ymin>89</ymin>
			<xmax>498</xmax>
			<ymax>149</ymax>
		</bndbox>
	</object>
	<object>
		<name>gas_ijo</name>
		<pose>Unspecified</pose>
		<truncated>0</truncated>
		<difficult>0</difficult>
		<bndbox>
			<xmin>344</xmin>
			<ymin>77</ymin>
			<xmax>411</xmax>
			<ymax>126</ymax>
		</bndbox>
	</object>
</annotation>
