<annotation>
	<folder>hijau</folder>
	<filename>H08.jpg</filename>
	<path>D:\dataset-20230410T060034Z-001\dataset\hijau\H08.jpg</path>
	<source>
		<database>Unknown</database>
	</source>
	<size>
		<width>474</width>
		<height>355</height>
		<depth>3</depth>
	</size>
	<segmented>0</segmented>
	<object>
		<name>gas_ijo</name>
		<pose>Unspecified</pose>
		<truncated>0</truncated>
		<difficult>0</difficult>
		<bndbox>
			<xmin>189</xmin>
			<ymin>129</ymin>
			<xmax>327</xmax>
			<ymax>308</ymax>
		</bndbox>
	</object>
	<object>
		<name>gas_ijo</name>
		<pose>Unspecified</pose>
		<truncated>0</truncated>
		<difficult>0</difficult>
		<bndbox>
			<xmin>331</xmin>
			<ymin>127</ymin>
			<xmax>461</xmax>
			<ymax>290</ymax>
		</bndbox>
	</object>
	<object>
		<name>gas_ijo</name>
		<pose>Unspecified</pose>
		<truncated>1</truncated>
		<difficult>0</difficult>
		<bndbox>
			<xmin>337</xmin>
			<ymin>274</ymin>
			<xmax>461</xmax>
			<ymax>355</ymax>
		</bndbox>
	</object>
	<object>
		<name>gas_ijo</name>
		<pose>Unspecified</pose>
		<truncated>1</truncated>
		<difficult>0</difficult>
		<bndbox>
			<xmin>197</xmin>
			<ymin>302</ymin>
			<xmax>337</xmax>
			<ymax>355</ymax>
		</bndbox>
	</object>
	<object>
		<name>gas_ijo</name>
		<pose>Unspecified</pose>
		<truncated>1</truncated>
		<difficult>0</difficult>
		<bndbox>
			<xmin>160</xmin>
			<ymin>260</ymin>
			<xmax>227</xmax>
			<ymax>355</ymax>
		</bndbox>
	</object>
	<object>
		<name>gas_ijo</name>
		<pose>Unspecified</pose>
		<truncated>0</truncated>
		<difficult>0</difficult>
		<bndbox>
			<xmin>114</xmin>
			<ymin>230</ymin>
			<xmax>194</xmax>
			<ymax>347</ymax>
		</bndbox>
	</object>
	<object>
		<name>gas_ijo</name>
		<pose>Unspecified</pose>
		<truncated>0</truncated>
		<difficult>0</difficult>
		<bndbox>
			<xmin>82</xmin>
			<ymin>217</ymin>
			<xmax>144</xmax>
			<ymax>324</ymax>
		</bndbox>
	</object>
	<object>
		<name>gas_ijo</name>
		<pose>Unspecified</pose>
		<truncated>0</truncated>
		<difficult>0</difficult>
		<bndbox>
			<xmin>57</xmin>
			<ymin>208</ymin>
			<xmax>119</xmax>
			<ymax>288</ymax>
		</bndbox>
	</object>
	<object>
		<name>gas_ijo</name>
		<pose>Unspecified</pose>
		<truncated>0</truncated>
		<difficult>0</difficult>
		<bndbox>
			<xmin>28</xmin>
			<ymin>179</ymin>
			<xmax>79</xmax>
			<ymax>249</ymax>
		</bndbox>
	</object>
	<object>
		<name>gas_ijo</name>
		<pose>Unspecified</pose>
		<truncated>1</truncated>
		<difficult>0</difficult>
		<bndbox>
			<xmin>1</xmin>
			<ymin>158</ymin>
			<xmax>49</xmax>
			<ymax>230</ymax>
		</bndbox>
	</object>
	<object>
		<name>gas_ijo</name>
		<pose>Unspecified</pose>
		<truncated>0</truncated>
		<difficult>0</difficult>
		<bndbox>
			<xmin>2</xmin>
			<ymin>233</ymin>
			<xmax>51</xmax>
			<ymax>310</ymax>
		</bndbox>
	</object>
	<object>
		<name>gas_ijo</name>
		<pose>Unspecified</pose>
		<truncated>1</truncated>
		<difficult>0</difficult>
		<bndbox>
			<xmin>44</xmin>
			<ymin>280</ymin>
			<xmax>101</xmax>
			<ymax>355</ymax>
		</bndbox>
	</object>
	<object>
		<name>gas_ijo</name>
		<pose>Unspecified</pose>
		<truncated>0</truncated>
		<difficult>0</difficult>
		<bndbox>
			<xmin>5</xmin>
			<ymin>311</ymin>
			<xmax>43</xmax>
			<ymax>354</ymax>
		</bndbox>
	</object>
	<object>
		<name>gas_ijo</name>
		<pose>Unspecified</pose>
		<truncated>0</truncated>
		<difficult>0</difficult>
		<bndbox>
			<xmin>2</xmin>
			<ymin>87</ymin>
			<xmax>38</xmax>
			<ymax>156</ymax>
		</bndbox>
	</object>
	<object>
		<name>gas_ijo</name>
		<pose>Unspecified</pose>
		<truncated>0</truncated>
		<difficult>0</difficult>
		<bndbox>
			<xmin>33</xmin>
			<ymin>94</ymin>
			<xmax>67</xmax>
			<ymax>170</ymax>
		</bndbox>
	</object>
	<object>
		<name>gas_ijo</name>
		<pose>Unspecified</pose>
		<truncated>0</truncated>
		<difficult>0</difficult>
		<bndbox>
			<xmin>51</xmin>
			<ymin>96</ymin>
			<xmax>108</xmax>
			<ymax>204</ymax>
		</bndbox>
	</object>
	<object>
		<name>gas_ijo</name>
		<pose>Unspecified</pose>
		<truncated>0</truncated>
		<difficult>0</difficult>
		<bndbox>
			<xmin>81</xmin>
			<ymin>103</ymin>
			<xmax>147</xmax>
			<ymax>204</ymax>
		</bndbox>
	</object>
	<object>
		<name>gas_ijo</name>
		<pose>Unspecified</pose>
		<truncated>0</truncated>
		<difficult>0</difficult>
		<bndbox>
			<xmin>112</xmin>
			<ymin>115</ymin>
			<xmax>184</xmax>
			<ymax>245</ymax>
		</bndbox>
	</object>
	<object>
		<name>gas_ijo</name>
		<pose>Unspecified</pose>
		<truncated>0</truncated>
		<difficult>0</difficult>
		<bndbox>
			<xmin>158</xmin>
			<ymin>114</ymin>
			<xmax>267</xmax>
			<ymax>259</ymax>
		</bndbox>
	</object>
	<object>
		<name>gas_ijo</name>
		<pose>Unspecified</pose>
		<truncated>0</truncated>
		<difficult>0</difficult>
		<bndbox>
			<xmin>29</xmin>
			<ymin>71</ymin>
			<xmax>118</xmax>
			<ymax>101</ymax>
		</bndbox>
	</object>
	<object>
		<name>gas_ijo</name>
		<pose>Unspecified</pose>
		<truncated>0</truncated>
		<difficult>0</difficult>
		<bndbox>
			<xmin>138</xmin>
			<ymin>80</ymin>
			<xmax>281</xmax>
			<ymax>117</ymax>
		</bndbox>
	</object>
	<object>
		<name>gas_ijo</name>
		<pose>Unspecified</pose>
		<truncated>0</truncated>
		<difficult>0</difficult>
		<bndbox>
			<xmin>308</xmin>
			<ymin>85</ymin>
			<xmax>463</xmax>
			<ymax>121</ymax>
		</bndbox>
	</object>
</annotation>
