<annotation>
	<folder>hijau</folder>
	<filename>H13.jpg</filename>
	<path>D:\dataset-20230410T060034Z-001\dataset\hijau\H13.jpg</path>
	<source>
		<database>Unknown</database>
	</source>
	<size>
		<width>156</width>
		<height>180</height>
		<depth>3</depth>
	</size>
	<segmented>0</segmented>
	<object>
		<name>gas_ijo</name>
		<pose>Unspecified</pose>
		<truncated>0</truncated>
		<difficult>0</difficult>
		<bndbox>
			<xmin>31</xmin>
			<ymin>33</ymin>
			<xmax>126</xmax>
			<ymax>151</ymax>
		</bndbox>
	</object>
</annotation>
