<annotation>
	<folder>hijau</folder>
	<filename>H14.jpg</filename>
	<path>D:\dataset-20230410T060034Z-001\dataset\hijau\H14.jpg</path>
	<source>
		<database>Unknown</database>
	</source>
	<size>
		<width>117</width>
		<height>180</height>
		<depth>3</depth>
	</size>
	<segmented>0</segmented>
	<object>
		<name>gas_ijo</name>
		<pose>Unspecified</pose>
		<truncated>0</truncated>
		<difficult>0</difficult>
		<bndbox>
			<xmin>19</xmin>
			<ymin>42</ymin>
			<xmax>103</xmax>
			<ymax>154</ymax>
		</bndbox>
	</object>
</annotation>
