<annotation>
	<folder>hijau</folder>
	<filename>H31.jpg</filename>
	<path>D:\dataset-20230410T060034Z-001\dataset\hijau\H31.jpg</path>
	<source>
		<database>Unknown</database>
	</source>
	<size>
		<width>1080</width>
		<height>1920</height>
		<depth>3</depth>
	</size>
	<segmented>0</segmented>
	<object>
		<name>gas_ijo</name>
		<pose>Unspecified</pose>
		<truncated>0</truncated>
		<difficult>0</difficult>
		<bndbox>
			<xmin>159</xmin>
			<ymin>231</ymin>
			<xmax>882</xmax>
			<ymax>1199</ymax>
		</bndbox>
	</object>
</annotation>
