<annotation>
	<folder>hijau</folder>
	<filename>H33.jpg</filename>
	<path>D:\dataset-20230410T060034Z-001\dataset\hijau\H33.jpg</path>
	<source>
		<database>Unknown</database>
	</source>
	<size>
		<width>1080</width>
		<height>1920</height>
		<depth>3</depth>
	</size>
	<segmented>0</segmented>
	<object>
		<name>gas_ijo</name>
		<pose>Unspecified</pose>
		<truncated>0</truncated>
		<difficult>0</difficult>
		<bndbox>
			<xmin>212</xmin>
			<ymin>537</ymin>
			<xmax>940</xmax>
			<ymax>1493</ymax>
		</bndbox>
	</object>
</annotation>
