<annotation>
	<folder>hijau</folder>
	<filename>H39.jpg</filename>
	<path>D:\dataset-20230410T060034Z-001\dataset\hijau\H39.jpg</path>
	<source>
		<database>Unknown</database>
	</source>
	<size>
		<width>183</width>
		<height>183</height>
		<depth>3</depth>
	</size>
	<segmented>0</segmented>
	<object>
		<name>gas_ijo</name>
		<pose>Unspecified</pose>
		<truncated>1</truncated>
		<difficult>0</difficult>
		<bndbox>
			<xmin>18</xmin>
			<ymin>1</ymin>
			<xmax>171</xmax>
			<ymax>183</ymax>
		</bndbox>
	</object>
</annotation>
