<annotation>
	<folder>hijau</folder>
	<filename>H42.jpg</filename>
	<path>D:\dataset-20230410T060034Z-001\dataset\hijau\H42.jpg</path>
	<source>
		<database>Unknown</database>
	</source>
	<size>
		<width>1000</width>
		<height>1777</height>
		<depth>3</depth>
	</size>
	<segmented>0</segmented>
	<object>
		<name>gas_ijo</name>
		<pose>Unspecified</pose>
		<truncated>0</truncated>
		<difficult>0</difficult>
		<bndbox>
			<xmin>55</xmin>
			<ymin>239</ymin>
			<xmax>979</xmax>
			<ymax>1465</ymax>
		</bndbox>
	</object>
	<object>
		<name>gas_ijo</name>
		<pose>Unspecified</pose>
		<truncated>1</truncated>
		<difficult>0</difficult>
		<bndbox>
			<xmin>112</xmin>
			<ymin>1303</ymin>
			<xmax>894</xmax>
			<ymax>1777</ymax>
		</bndbox>
	</object>
</annotation>
