<annotation>
	<folder>hijau</folder>
	<filename>H43.jpg</filename>
	<path>D:\dataset-20230410T060034Z-001\dataset\hijau\H43.jpg</path>
	<source>
		<database>Unknown</database>
	</source>
	<size>
		<width>463</width>
		<height>625</height>
		<depth>3</depth>
	</size>
	<segmented>0</segmented>
	<object>
		<name>gas_ijo</name>
		<pose>Unspecified</pose>
		<truncated>0</truncated>
		<difficult>0</difficult>
		<bndbox>
			<xmin>26</xmin>
			<ymin>165</ymin>
			<xmax>378</xmax>
			<ymax>591</ymax>
		</bndbox>
	</object>
</annotation>
