<annotation>
	<folder>hijau</folder>
	<filename>H44.jpg</filename>
	<path>D:\dataset-20230410T060034Z-001\dataset\hijau\H44.jpg</path>
	<source>
		<database>Unknown</database>
	</source>
	<size>
		<width>700</width>
		<height>700</height>
		<depth>3</depth>
	</size>
	<segmented>0</segmented>
	<object>
		<name>gas_ijo</name>
		<pose>Unspecified</pose>
		<truncated>1</truncated>
		<difficult>0</difficult>
		<bndbox>
			<xmin>61</xmin>
			<ymin>1</ymin>
			<xmax>638</xmax>
			<ymax>700</ymax>
		</bndbox>
	</object>
</annotation>
