<annotation>
	<folder>hijau</folder>
	<filename>H47.jpg</filename>
	<path>D:\dataset-20230410T060034Z-001\dataset\hijau\H47.jpg</path>
	<source>
		<database>Unknown</database>
	</source>
	<size>
		<width>1230</width>
		<height>1600</height>
		<depth>3</depth>
	</size>
	<segmented>0</segmented>
	<object>
		<name>gas_ijo</name>
		<pose>Unspecified</pose>
		<truncated>1</truncated>
		<difficult>0</difficult>
		<bndbox>
			<xmin>52</xmin>
			<ymin>15</ymin>
			<xmax>1230</xmax>
			<ymax>1564</ymax>
		</bndbox>
	</object>
	<object>
		<name>gas_ijo</name>
		<pose>Unspecified</pose>
		<truncated>1</truncated>
		<difficult>0</difficult>
		<bndbox>
			<xmin>1</xmin>
			<ymin>92</ymin>
			<xmax>229</xmax>
			<ymax>785</ymax>
		</bndbox>
	</object>
</annotation>
